"Your input","Epoch timestamp","Converted epoch (double-check your input!)"
2017-10-31T11:22:00Z,1509448920,Tue, 31 Oct 2017 11:22:00 +0000
2017-02-07T14:00:00Z,1486476000,Tue, 07 Feb 2017 14:00:00 +0000
2017-04-03T16:00:00Z,1491235200,Mon, 03 Apr 2017 16:00:00 +0000
2017-04-03T16:00:00Z,1491235200,Mon, 03 Apr 2017 16:00:00 +0000
2017-04-13T02:30:00Z,1492050600,Thu, 13 Apr 2017 02:30:00 +0000
2017-04-20T15:40:00Z,1492702800,Thu, 20 Apr 2017 15:40:00 +0000
2017-04-24T12:06:00Z,1493035560,Mon, 24 Apr 2017 12:06:00 +0000
2017-04-28T15:40:00Z,1493394000,Fri, 28 Apr 2017 15:40:00 +0000
2017-04-29T17:15:00Z,1493486100,Sat, 29 Apr 2017 17:15:00 +0000
2017-04-30T16:03:00Z,1493568180,Sun, 30 Apr 2017 16:03:00 +0000
2017-04-30T15:23:00Z,1493565780,Sun, 30 Apr 2017 15:23:00 +0000
2017-04-30T19:43:00Z,1493581380,Sun, 30 Apr 2017 19:43:00 +0000
2017-05-01T12:44:00Z,1493642640,Mon, 01 May 2017 12:44:00 +0000
2017-05-02T14:32:00Z,1493735520,Tue, 02 May 2017 14:32:00 +0000
2017-05-07T16:41:00Z,1494175260,Sun, 07 May 2017 16:41:00 +0000
2017-05-10T15:27:00Z,1494430020,Wed, 10 May 2017 15:27:00 +0000
2017-05-12T05:05:00Z,1494565500,Fri, 12 May 2017 05:05:00 +0000
2017-05-12T15:30:00Z,1494603000,Fri, 12 May 2017 15:30:00 +0000
2017-05-14T12:00:00Z,1494763200,Sun, 14 May 2017 12:00:00 +0000
2017-05-14T12:51:00Z,1494766260,Sun, 14 May 2017 12:51:00 +0000
2017-05-14T14:00:00Z,1494770400,Sun, 14 May 2017 14:00:00 +0000
2017-05-15T13:58:00Z,1494856680,Mon, 15 May 2017 13:58:00 +0000
2017-05-15T14:05:00Z,1494857100,Mon, 15 May 2017 14:05:00 +0000
2017-05-16T16:10:00Z,1494951000,Tue, 16 May 2017 16:10:00 +0000
2017-05-17T15:18:00Z,1495034280,Wed, 17 May 2017 15:18:00 +0000
2017-05-17T15:30:00Z,1495035000,Wed, 17 May 2017 15:30:00 +0000
2017-05-18T08:48:00Z,1495097280,Thu, 18 May 2017 08:48:00 +0000
2017-05-18T13:11:00Z,1495113060,Thu, 18 May 2017 13:11:00 +0000
2017-05-18T12:54:00Z,1495112040,Thu, 18 May 2017 12:54:00 +0000
2017-05-18T17:25:00Z,1495128300,Thu, 18 May 2017 17:25:00 +0000
2017-05-19T23:28:00Z,1495236480,Fri, 19 May 2017 23:28:00 +0000
1969-12-31T16:00:00Z,-28800,Wed, 31 Dec 1969 16:00:00 +0000
2017-05-19T13:10:00Z,1495199400,Fri, 19 May 2017 13:10:00 +0000
2017-05-19T14:45:00Z,1495205100,Fri, 19 May 2017 14:45:00 +0000
2017-05-20T23:19:00Z,1495322340,Sat, 20 May 2017 23:19:00 +0000
2017-05-20T13:11:00Z,1495285860,Sat, 20 May 2017 13:11:00 +0000
2017-05-20T14:23:00Z,1495290180,Sat, 20 May 2017 14:23:00 +0000
2017-05-23T13:13:00Z,1495545180,Tue, 23 May 2017 13:13:00 +0000
2017-05-20T17:54:00Z,1495302840,Sat, 20 May 2017 17:54:00 +0000
2017-05-24T15:30:00Z,1495639800,Wed, 24 May 2017 15:30:00 +0000
2017-05-22T04:50:00Z,1495428600,Mon, 22 May 2017 04:50:00 +0000
2017-05-21T16:12:00Z,1495383120,Sun, 21 May 2017 16:12:00 +0000
2017-05-25T18:15:00Z,1495736100,Thu, 25 May 2017 18:15:00 +0000
2017-05-25T14:48:00Z,1495723680,Thu, 25 May 2017 14:48:00 +0000
2017-05-28T10:59:00Z,1495969140,Sun, 28 May 2017 10:59:00 +0000
2017-05-28T07:49:00Z,1495957740,Sun, 28 May 2017 07:49:00 +0000
2017-05-28T15:27:00Z,1495985220,Sun, 28 May 2017 15:27:00 +0000
2017-05-28T15:30:00Z,1495985400,Sun, 28 May 2017 15:30:00 +0000
2017-05-28T16:16:00Z,1495988160,Sun, 28 May 2017 16:16:00 +0000
2017-05-29T01:20:00Z,1496020800,Mon, 29 May 2017 01:20:00 +0000
2017-05-31T11:30:00Z,1496230200,Wed, 31 May 2017 11:30:00 +0000
2017-05-29T15:31:00Z,1496071860,Mon, 29 May 2017 15:31:00 +0000
2017-06-01T15:38:00Z,1496331480,Thu, 01 Jun 2017 15:38:00 +0000
2017-06-01T16:12:00Z,1496333520,Thu, 01 Jun 2017 16:12:00 +0000
2017-06-02T18:55:00Z,1496429700,Fri, 02 Jun 2017 18:55:00 +0000
2017-06-03T13:09:00Z,1496495340,Sat, 03 Jun 2017 13:09:00 +0000
2017-06-03T12:09:00Z,1496491740,Sat, 03 Jun 2017 12:09:00 +0000
2017-06-03T15:39:00Z,1496504340,Sat, 03 Jun 2017 15:39:00 +0000
2017-06-04T22:11:00Z,1496614260,Sun, 04 Jun 2017 22:11:00 +0000
2017-06-04T16:22:00Z,1496593320,Sun, 04 Jun 2017 16:22:00 +0000
2017-06-04T16:12:00Z,1496592720,Sun, 04 Jun 2017 16:12:00 +0000
2017-06-04T16:48:00Z,1496594880,Sun, 04 Jun 2017 16:48:00 +0000
2017-06-05T13:17:00Z,1496668620,Mon, 05 Jun 2017 13:17:00 +0000
2017-06-05T14:02:00Z,1496671320,Mon, 05 Jun 2017 14:02:00 +0000
2017-06-06T12:43:00Z,1496752980,Tue, 06 Jun 2017 12:43:00 +0000
2017-06-06T16:38:00Z,1496767080,Tue, 06 Jun 2017 16:38:00 +0000
2017-06-07T11:55:00Z,1496836500,Wed, 07 Jun 2017 11:55:00 +0000
2017-06-07T21:00:00Z,1496869200,Wed, 07 Jun 2017 21:00:00 +0000
2017-06-10T12:17:00Z,1497097020,Sat, 10 Jun 2017 12:17:00 +0000
2017-06-09T13:00:00Z,1497013200,Fri, 09 Jun 2017 13:00:00 +0000
2017-06-09T04:53:00Z,1496983980,Fri, 09 Jun 2017 04:53:00 +0000
2017-06-09T16:15:00Z,1497024900,Fri, 09 Jun 2017 16:15:00 +0000
2017-06-10T13:19:00Z,1497100740,Sat, 10 Jun 2017 13:19:00 +0000
2017-06-11T10:46:00Z,1497177960,Sun, 11 Jun 2017 10:46:00 +0000
2017-06-13T10:18:00Z,1497349080,Tue, 13 Jun 2017 10:18:00 +0000
2017-06-11T18:12:00Z,1497204720,Sun, 11 Jun 2017 18:12:00 +0000
2017-06-11T17:15:00Z,1497201300,Sun, 11 Jun 2017 17:15:00 +0000
2017-06-11T22:45:00Z,1497221100,Sun, 11 Jun 2017 22:45:00 +0000
2017-06-11T18:49:00Z,1497206940,Sun, 11 Jun 2017 18:49:00 +0000
2017-06-13T12:00:00Z,1497355200,Tue, 13 Jun 2017 12:00:00 +0000
2017-06-13T14:31:00Z,1497364260,Tue, 13 Jun 2017 14:31:00 +0000
2017-06-13T17:00:00Z,1497373200,Tue, 13 Jun 2017 17:00:00 +0000
2017-06-13T17:21:00Z,1497374460,Tue, 13 Jun 2017 17:21:00 +0000
2017-06-14T11:44:00Z,1497440640,Wed, 14 Jun 2017 11:44:00 +0000
2017-06-15T07:30:00Z,1497511800,Thu, 15 Jun 2017 07:30:00 +0000
2017-06-15T11:36:00Z,1497526560,Thu, 15 Jun 2017 11:36:00 +0000
2017-06-15T15:51:00Z,1497541860,Thu, 15 Jun 2017 15:51:00 +0000
2017-06-16T09:27:00Z,1497605220,Fri, 16 Jun 2017 09:27:00 +0000
2017-06-16T15:49:00Z,1497628140,Fri, 16 Jun 2017 15:49:00 +0000
2017-06-17T13:55:00Z,1497707700,Sat, 17 Jun 2017 13:55:00 +0000
2017-06-18T07:15:00Z,1497770100,Sun, 18 Jun 2017 07:15:00 +0000
2017-06-18T12:28:00Z,1497788880,Sun, 18 Jun 2017 12:28:00 +0000
2017-06-18T15:10:00Z,1497798600,Sun, 18 Jun 2017 15:10:00 +0000
2017-06-18T14:04:00Z,1497794640,Sun, 18 Jun 2017 14:04:00 +0000
2017-06-18T14:22:00Z,1497795720,Sun, 18 Jun 2017 14:22:00 +0000
2017-06-18T16:03:00Z,1497801780,Sun, 18 Jun 2017 16:03:00 +0000
2017-06-18T15:45:00Z,1497800700,Sun, 18 Jun 2017 15:45:00 +0000
2017-06-22T13:08:00Z,1498136880,Thu, 22 Jun 2017 13:08:00 +0000
2017-06-19T15:05:00Z,1497884700,Mon, 19 Jun 2017 15:05:00 +0000
2017-06-19T21:41:00Z,1497908460,Mon, 19 Jun 2017 21:41:00 +0000
2017-06-21T14:45:00Z,1498056300,Wed, 21 Jun 2017 14:45:00 +0000
2017-06-21T18:02:00Z,1498068120,Wed, 21 Jun 2017 18:02:00 +0000
2017-06-22T09:49:00Z,1498124940,Thu, 22 Jun 2017 09:49:00 +0000
2017-06-22T11:10:00Z,1498129800,Thu, 22 Jun 2017 11:10:00 +0000
2017-06-23T16:00:00Z,1498233600,Fri, 23 Jun 2017 16:00:00 +0000
2017-06-24T11:15:00Z,1498302900,Sat, 24 Jun 2017 11:15:00 +0000
2017-06-23T22:32:00Z,1498257120,Fri, 23 Jun 2017 22:32:00 +0000
2017-06-25T12:47:00Z,1498394820,Sun, 25 Jun 2017 12:47:00 +0000
2017-06-25T12:09:00Z,1498392540,Sun, 25 Jun 2017 12:09:00 +0000
2017-06-26T15:10:00Z,1498489800,Mon, 26 Jun 2017 15:10:00 +0000
2017-06-26T12:30:00Z,1498480200,Mon, 26 Jun 2017 12:30:00 +0000
2017-06-26T15:27:00Z,1498490820,Mon, 26 Jun 2017 15:27:00 +0000
2017-06-27T07:39:00Z,1498549140,Tue, 27 Jun 2017 07:39:00 +0000
2017-06-27T10:39:00Z,1498559940,Tue, 27 Jun 2017 10:39:00 +0000
2017-06-27T09:38:00Z,1498556280,Tue, 27 Jun 2017 09:38:00 +0000
2017-06-27T15:22:00Z,1498576920,Tue, 27 Jun 2017 15:22:00 +0000
2017-06-26T21:30:00Z,1498512600,Mon, 26 Jun 2017 21:30:00 +0000
2017-06-29T13:56:00Z,1498744560,Thu, 29 Jun 2017 13:56:00 +0000
2017-06-28T09:30:00Z,1498642200,Wed, 28 Jun 2017 09:30:00 +0000
2017-06-28T13:50:00Z,1498657800,Wed, 28 Jun 2017 13:50:00 +0000
2017-06-28T15:49:00Z,1498664940,Wed, 28 Jun 2017 15:49:00 +0000
2017-06-28T17:56:00Z,1498672560,Wed, 28 Jun 2017 17:56:00 +0000
2017-06-30T13:49:00Z,1498830540,Fri, 30 Jun 2017 13:49:00 +0000
2017-06-29T20:44:00Z,1498769040,Thu, 29 Jun 2017 20:44:00 +0000
2017-06-29T15:09:00Z,1498748940,Thu, 29 Jun 2017 15:09:00 +0000
2017-06-29T15:45:00Z,1498751100,Thu, 29 Jun 2017 15:45:00 +0000
2017-07-01T00:48:00Z,1498870080,Sat, 01 Jul 2017 00:48:00 +0000
2017-07-02T12:41:00Z,1498999260,Sun, 02 Jul 2017 12:41:00 +0000
2017-07-02T13:04:00Z,1499000640,Sun, 02 Jul 2017 13:04:00 +0000
2017-07-02T13:43:00Z,1499002980,Sun, 02 Jul 2017 13:43:00 +0000
2017-07-02T13:36:00Z,1499002560,Sun, 02 Jul 2017 13:36:00 +0000
2017-07-02T22:28:00Z,1499034480,Sun, 02 Jul 2017 22:28:00 +0000
2017-07-03T19:31:00Z,1499110260,Mon, 03 Jul 2017 19:31:00 +0000
2017-07-03T13:34:00Z,1499088840,Mon, 03 Jul 2017 13:34:00 +0000
2017-07-03T15:14:00Z,1499094840,Mon, 03 Jul 2017 15:14:00 +0000
2017-07-04T13:21:00Z,1499174460,Tue, 04 Jul 2017 13:21:00 +0000
2017-07-04T13:15:00Z,1499174100,Tue, 04 Jul 2017 13:15:00 +0000
2017-07-04T13:21:00Z,1499174460,Tue, 04 Jul 2017 13:21:00 +0000
2017-07-04T15:20:00Z,1499181600,Tue, 04 Jul 2017 15:20:00 +0000
2017-07-04T15:45:00Z,1499183100,Tue, 04 Jul 2017 15:45:00 +0000
2017-07-04T14:45:00Z,1499179500,Tue, 04 Jul 2017 14:45:00 +0000
2017-07-04T15:21:00Z,1499181660,Tue, 04 Jul 2017 15:21:00 +0000
2017-07-04T16:55:00Z,1499187300,Tue, 04 Jul 2017 16:55:00 +0000
2017-07-05T08:24:00Z,1499243040,Wed, 05 Jul 2017 08:24:00 +0000
2017-07-05T11:05:00Z,1499252700,Wed, 05 Jul 2017 11:05:00 +0000
2017-07-08T16:38:00Z,1499531880,Sat, 08 Jul 2017 16:38:00 +0000
2017-07-08T11:00:00Z,1499511600,Sat, 08 Jul 2017 11:00:00 +0000
2017-07-05T15:40:00Z,1499269200,Wed, 05 Jul 2017 15:40:00 +0000
2017-07-05T16:56:00Z,1499273760,Wed, 05 Jul 2017 16:56:00 +0000
2017-07-06T12:41:00Z,1499344860,Thu, 06 Jul 2017 12:41:00 +0000
2017-07-06T12:29:00Z,1499344140,Thu, 06 Jul 2017 12:29:00 +0000
2017-07-06T15:44:00Z,1499355840,Thu, 06 Jul 2017 15:44:00 +0000
2017-07-06T13:00:00Z,1499346000,Thu, 06 Jul 2017 13:00:00 +0000
2017-07-07T09:18:00Z,1499419080,Fri, 07 Jul 2017 09:18:00 +0000
2017-06-25T17:00:00Z,1498410000,Sun, 25 Jun 2017 17:00:00 +0000
2017-07-07T10:00:00Z,1499421600,Fri, 07 Jul 2017 10:00:00 +0000
2017-07-07T12:56:00Z,1499432160,Fri, 07 Jul 2017 12:56:00 +0000
2017-07-07T14:52:00Z,1499439120,Fri, 07 Jul 2017 14:52:00 +0000
2017-07-07T15:45:00Z,1499442300,Fri, 07 Jul 2017 15:45:00 +0000
2017-07-07T16:23:00Z,1499444580,Fri, 07 Jul 2017 16:23:00 +0000
2017-07-07T15:50:00Z,1499442600,Fri, 07 Jul 2017 15:50:00 +0000
2017-07-08T02:20:00Z,1499480400,Sat, 08 Jul 2017 02:20:00 +0000
2017-07-15T18:10:00Z,1500142200,Sat, 15 Jul 2017 18:10:00 +0000
2017-07-08T13:43:00Z,1499521380,Sat, 08 Jul 2017 13:43:00 +0000
2017-07-13T15:23:00Z,1499959380,Thu, 13 Jul 2017 15:23:00 +0000
2017-07-26T18:00:00Z,1501092000,Wed, 26 Jul 2017 18:00:00 +0000
2017-07-09T13:49:00Z,1499608140,Sun, 09 Jul 2017 13:49:00 +0000
2017-07-08T15:26:00Z,1499527560,Sat, 08 Jul 2017 15:26:00 +0000
2017-07-08T16:47:00Z,1499532420,Sat, 08 Jul 2017 16:47:00 +0000
2017-07-12T13:51:00Z,1499867460,Wed, 12 Jul 2017 13:51:00 +0000
2017-07-08T18:30:00Z,1499538600,Sat, 08 Jul 2017 18:30:00 +0000
2017-07-08T18:58:00Z,1499540280,Sat, 08 Jul 2017 18:58:00 +0000
2017-07-09T15:10:00Z,1499613000,Sun, 09 Jul 2017 15:10:00 +0000
2017-07-10T14:45:00Z,1499697900,Mon, 10 Jul 2017 14:45:00 +0000
2017-07-10T13:02:00Z,1499691720,Mon, 10 Jul 2017 13:02:00 +0000
2017-07-10T15:54:00Z,1499702040,Mon, 10 Jul 2017 15:54:00 +0000
2017-07-12T13:55:00Z,1499867700,Wed, 12 Jul 2017 13:55:00 +0000
2017-07-17T14:55:00Z,1500303300,Mon, 17 Jul 2017 14:55:00 +0000
2017-07-14T14:23:00Z,1500042180,Fri, 14 Jul 2017 14:23:00 +0000
2017-07-11T13:45:00Z,1499780700,Tue, 11 Jul 2017 13:45:00 +0000
2017-07-11T14:15:00Z,1499782500,Tue, 11 Jul 2017 14:15:00 +0000
2017-07-11T16:51:00Z,1499791860,Tue, 11 Jul 2017 16:51:00 +0000
2017-07-12T13:10:00Z,1499865000,Wed, 12 Jul 2017 13:10:00 +0000
2017-07-13T10:28:00Z,1499941680,Thu, 13 Jul 2017 10:28:00 +0000
2017-07-12T15:29:00Z,1499873340,Wed, 12 Jul 2017 15:29:00 +0000
2017-07-12T16:15:00Z,1499876100,Wed, 12 Jul 2017 16:15:00 +0000
2017-07-13T14:14:00Z,1499955240,Thu, 13 Jul 2017 14:14:00 +0000
2017-07-16T11:17:00Z,1500203820,Sun, 16 Jul 2017 11:17:00 +0000
2017-07-16T14:51:00Z,1500216660,Sun, 16 Jul 2017 14:51:00 +0000
2017-07-16T15:56:00Z,1500220560,Sun, 16 Jul 2017 15:56:00 +0000
2017-07-17T12:37:00Z,1500295020,Mon, 17 Jul 2017 12:37:00 +0000
2017-07-17T13:15:00Z,1500297300,Mon, 17 Jul 2017 13:15:00 +0000
2017-07-17T13:17:00Z,1500297420,Mon, 17 Jul 2017 13:17:00 +0000
2017-07-17T12:55:00Z,1500296100,Mon, 17 Jul 2017 12:55:00 +0000
2017-07-17T13:38:00Z,1500298680,Mon, 17 Jul 2017 13:38:00 +0000
2017-07-17T14:44:00Z,1500302640,Mon, 17 Jul 2017 14:44:00 +0000
2017-07-17T15:32:00Z,1500305520,Mon, 17 Jul 2017 15:32:00 +0000
2017-08-24T18:13:00Z,1503598380,Thu, 24 Aug 2017 18:13:00 +0000
2017-08-01T10:23:00Z,1501582980,Tue, 01 Aug 2017 10:23:00 +0000
2017-07-18T11:45:00Z,1500378300,Tue, 18 Jul 2017 11:45:00 +0000
2017-07-18T12:39:00Z,1500381540,Tue, 18 Jul 2017 12:39:00 +0000
2017-07-18T15:34:00Z,1500392040,Tue, 18 Jul 2017 15:34:00 +0000
2017-07-18T15:50:00Z,1500393000,Tue, 18 Jul 2017 15:50:00 +0000
2017-07-19T17:30:00Z,1500485400,Wed, 19 Jul 2017 17:30:00 +0000
2017-07-30T17:43:00Z,1501436580,Sun, 30 Jul 2017 17:43:00 +0000
2017-07-25T12:45:00Z,1500986700,Tue, 25 Jul 2017 12:45:00 +0000
2017-07-30T16:28:00Z,1501432080,Sun, 30 Jul 2017 16:28:00 +0000
2017-07-28T15:25:00Z,1501255500,Fri, 28 Jul 2017 15:25:00 +0000
2017-07-28T18:11:00Z,1501265460,Fri, 28 Jul 2017 18:11:00 +0000
2017-07-18T22:39:00Z,1500417540,Tue, 18 Jul 2017 22:39:00 +0000
2017-07-19T16:02:00Z,1500480120,Wed, 19 Jul 2017 16:02:00 +0000
2017-07-29T18:55:00Z,1501354500,Sat, 29 Jul 2017 18:55:00 +0000
2017-07-29T13:50:00Z,1501336200,Sat, 29 Jul 2017 13:50:00 +0000
2017-07-20T14:43:00Z,1500561780,Thu, 20 Jul 2017 14:43:00 +0000
2017-07-21T16:50:00Z,1500655800,Fri, 21 Jul 2017 16:50:00 +0000
2017-07-26T13:58:00Z,1501077480,Wed, 26 Jul 2017 13:58:00 +0000
2017-07-20T19:16:00Z,1500578160,Thu, 20 Jul 2017 19:16:00 +0000
2017-07-26T14:45:00Z,1501080300,Wed, 26 Jul 2017 14:45:00 +0000
2017-07-26T23:19:00Z,1501111140,Wed, 26 Jul 2017 23:19:00 +0000
2017-07-19T14:00:00Z,1500472800,Wed, 19 Jul 2017 14:00:00 +0000
2017-07-22T13:35:00Z,1500730500,Sat, 22 Jul 2017 13:35:00 +0000
2017-07-22T15:00:00Z,1500735600,Sat, 22 Jul 2017 15:00:00 +0000
2017-07-22T15:49:00Z,1500738540,Sat, 22 Jul 2017 15:49:00 +0000
2017-07-25T14:13:00Z,1500991980,Tue, 25 Jul 2017 14:13:00 +0000
2017-07-24T14:43:00Z,1500907380,Mon, 24 Jul 2017 14:43:00 +0000
2017-07-24T14:56:00Z,1500908160,Mon, 24 Jul 2017 14:56:00 +0000
2017-07-23T16:07:00Z,1500826020,Sun, 23 Jul 2017 16:07:00 +0000
2017-07-23T15:53:00Z,1500825180,Sun, 23 Jul 2017 15:53:00 +0000
2017-07-28T13:24:00Z,1501248240,Fri, 28 Jul 2017 13:24:00 +0000
2017-07-27T14:49:00Z,1501166940,Thu, 27 Jul 2017 14:49:00 +0000
2017-08-01T16:33:00Z,1501605180,Tue, 01 Aug 2017 16:33:00 +0000
2017-07-29T17:29:00Z,1501349340,Sat, 29 Jul 2017 17:29:00 +0000
2017-07-29T16:33:00Z,1501345980,Sat, 29 Jul 2017 16:33:00 +0000
2017-07-30T01:45:00Z,1501379100,Sun, 30 Jul 2017 01:45:00 +0000
2017-07-30T16:17:00Z,1501431420,Sun, 30 Jul 2017 16:17:00 +0000
2017-07-31T23:17:00Z,1501543020,Mon, 31 Jul 2017 23:17:00 +0000
2017-07-31T14:44:00Z,1501512240,Mon, 31 Jul 2017 14:44:00 +0000
2017-07-31T14:22:00Z,1501510920,Mon, 31 Jul 2017 14:22:00 +0000
2017-08-02T08:30:00Z,1501662600,Wed, 02 Aug 2017 08:30:00 +0000
2017-08-02T10:33:00Z,1501669980,Wed, 02 Aug 2017 10:33:00 +0000
2017-08-02T10:15:00Z,1501668900,Wed, 02 Aug 2017 10:15:00 +0000
2017-07-23T00:00:00Z,1500768000,Sun, 23 Jul 2017 00:00:00 +0000
2017-08-03T11:58:00Z,1501761480,Thu, 03 Aug 2017 11:58:00 +0000
2017-08-03T15:35:00Z,1501774500,Thu, 03 Aug 2017 15:35:00 +0000
2017-08-03T16:21:00Z,1501777260,Thu, 03 Aug 2017 16:21:00 +0000
2017-08-03T16:41:00Z,1501778460,Thu, 03 Aug 2017 16:41:00 +0000
2017-08-08T16:40:00Z,1502210400,Tue, 08 Aug 2017 16:40:00 +0000
2017-08-04T14:25:00Z,1501856700,Fri, 04 Aug 2017 14:25:00 +0000
2017-08-05T13:16:00Z,1501938960,Sat, 05 Aug 2017 13:16:00 +0000
2017-08-06T15:32:00Z,1502033520,Sun, 06 Aug 2017 15:32:00 +0000
2017-08-06T15:29:00Z,1502033340,Sun, 06 Aug 2017 15:29:00 +0000
2017-08-06T19:52:00Z,1502049120,Sun, 06 Aug 2017 19:52:00 +0000
2017-08-07T14:14:00Z,1502115240,Mon, 07 Aug 2017 14:14:00 +0000
2017-08-07T18:08:00Z,1502129280,Mon, 07 Aug 2017 18:08:00 +0000
2017-08-07T22:30:00Z,1502145000,Mon, 07 Aug 2017 22:30:00 +0000
2017-08-10T14:32:00Z,1502375520,Thu, 10 Aug 2017 14:32:00 +0000
2017-08-11T14:55:00Z,1502463300,Fri, 11 Aug 2017 14:55:00 +0000
2017-08-10T17:24:00Z,1502385840,Thu, 10 Aug 2017 17:24:00 +0000
2017-08-11T12:57:00Z,1502456220,Fri, 11 Aug 2017 12:57:00 +0000
2017-08-13T13:34:00Z,1502631240,Sun, 13 Aug 2017 13:34:00 +0000
2017-08-11T16:06:00Z,1502467560,Fri, 11 Aug 2017 16:06:00 +0000
2017-08-13T12:41:00Z,1502628060,Sun, 13 Aug 2017 12:41:00 +0000
2017-08-13T16:10:00Z,1502640600,Sun, 13 Aug 2017 16:10:00 +0000
2017-08-13T16:23:00Z,1502641380,Sun, 13 Aug 2017 16:23:00 +0000
2017-08-01T08:45:00Z,1501577100,Tue, 01 Aug 2017 08:45:00 +0000
2017-08-14T14:28:00Z,1502720880,Mon, 14 Aug 2017 14:28:00 +0000
2017-08-14T15:45:00Z,1502725500,Mon, 14 Aug 2017 15:45:00 +0000
2017-08-17T14:15:00Z,1502979300,Thu, 17 Aug 2017 14:15:00 +0000
2017-08-19T16:31:00Z,1503160260,Sat, 19 Aug 2017 16:31:00 +0000
2017-08-20T14:44:00Z,1503240240,Sun, 20 Aug 2017 14:44:00 +0000
2017-07-12T13:45:00Z,1499867100,Wed, 12 Jul 2017 13:45:00 +0000
2017-08-20T16:26:00Z,1503246360,Sun, 20 Aug 2017 16:26:00 +0000
2017-08-15T07:55:00Z,1502783700,Tue, 15 Aug 2017 07:55:00 +0000
2017-08-02T18:00:00Z,1501696800,Wed, 02 Aug 2017 18:00:00 +0000
2017-08-21T14:00:00Z,1503324000,Mon, 21 Aug 2017 14:00:00 +0000
2017-08-07T17:45:00Z,1502127900,Mon, 07 Aug 2017 17:45:00 +0000
2017-08-03T14:00:00Z,1501768800,Thu, 03 Aug 2017 14:00:00 +0000
2017-08-22T14:00:00Z,1503410400,Tue, 22 Aug 2017 14:00:00 +0000
2017-08-23T13:28:00Z,1503494880,Wed, 23 Aug 2017 13:28:00 +0000
2017-08-26T11:30:00Z,1503747000,Sat, 26 Aug 2017 11:30:00 +0000
2017-08-26T12:35:00Z,1503750900,Sat, 26 Aug 2017 12:35:00 +0000
2017-08-26T15:03:00Z,1503759780,Sat, 26 Aug 2017 15:03:00 +0000
2017-08-26T14:31:00Z,1503757860,Sat, 26 Aug 2017 14:31:00 +0000
2017-08-27T17:45:00Z,1503855900,Sun, 27 Aug 2017 17:45:00 +0000
2017-08-27T13:30:00Z,1503840600,Sun, 27 Aug 2017 13:30:00 +0000
2017-08-27T14:51:00Z,1503845460,Sun, 27 Aug 2017 14:51:00 +0000
2017-08-27T18:47:00Z,1503859620,Sun, 27 Aug 2017 18:47:00 +0000
2017-08-28T08:01:00Z,1503907260,Mon, 28 Aug 2017 08:01:00 +0000
2017-08-28T17:06:00Z,1503939960,Mon, 28 Aug 2017 17:06:00 +0000
2017-08-29T08:29:00Z,1503995340,Tue, 29 Aug 2017 08:29:00 +0000
2017-08-28T21:38:00Z,1503956280,Mon, 28 Aug 2017 21:38:00 +0000
2017-08-29T13:16:00Z,1504012560,Tue, 29 Aug 2017 13:16:00 +0000
2017-08-29T12:19:00Z,1504009140,Tue, 29 Aug 2017 12:19:00 +0000
2017-08-29T14:36:00Z,1504017360,Tue, 29 Aug 2017 14:36:00 +0000
2017-08-29T15:39:00Z,1504021140,Tue, 29 Aug 2017 15:39:00 +0000
2017-08-29T15:15:00Z,1504019700,Tue, 29 Aug 2017 15:15:00 +0000
2017-08-30T11:38:00Z,1504093080,Wed, 30 Aug 2017 11:38:00 +0000
2017-08-30T15:38:00Z,1504107480,Wed, 30 Aug 2017 15:38:00 +0000
2017-08-30T14:50:00Z,1504104600,Wed, 30 Aug 2017 14:50:00 +0000
2017-08-30T16:51:00Z,1504111860,Wed, 30 Aug 2017 16:51:00 +0000
2017-08-31T13:57:00Z,1504187820,Thu, 31 Aug 2017 13:57:00 +0000
2017-08-30T18:00:00Z,1504116000,Wed, 30 Aug 2017 18:00:00 +0000
2017-08-31T16:32:00Z,1504197120,Thu, 31 Aug 2017 16:32:00 +0000
2017-09-01T04:20:00Z,1504239600,Fri, 01 Sep 2017 04:20:00 +0000
2017-07-31T13:44:00Z,1501508640,Mon, 31 Jul 2017 13:44:00 +0000
2017-09-10T13:49:00Z,1505051340,Sun, 10 Sep 2017 13:49:00 +0000
2017-09-03T16:23:00Z,1504455780,Sun, 03 Sep 2017 16:23:00 +0000
2017-09-01T11:21:00Z,1504264860,Fri, 01 Sep 2017 11:21:00 +0000
2017-09-01T14:37:00Z,1504276620,Fri, 01 Sep 2017 14:37:00 +0000
2017-09-01T13:26:00Z,1504272360,Fri, 01 Sep 2017 13:26:00 +0000
2017-09-03T13:06:00Z,1504443960,Sun, 03 Sep 2017 13:06:00 +0000
2017-09-03T09:23:00Z,1504430580,Sun, 03 Sep 2017 09:23:00 +0000
2017-09-02T13:33:00Z,1504359180,Sat, 02 Sep 2017 13:33:00 +0000
2017-09-03T16:59:00Z,1504457940,Sun, 03 Sep 2017 16:59:00 +0000
2017-09-05T14:55:00Z,1504623300,Tue, 05 Sep 2017 14:55:00 +0000
2017-09-03T20:32:00Z,1504470720,Sun, 03 Sep 2017 20:32:00 +0000
2017-09-03T19:17:00Z,1504466220,Sun, 03 Sep 2017 19:17:00 +0000
2017-09-03T13:10:00Z,1504444200,Sun, 03 Sep 2017 13:10:00 +0000
2017-08-30T08:30:00Z,1504081800,Wed, 30 Aug 2017 08:30:00 +0000
2017-09-23T15:40:00Z,1506181200,Sat, 23 Sep 2017 15:40:00 +0000
2017-08-28T22:00:00Z,1503957600,Mon, 28 Aug 2017 22:00:00 +0000
2017-08-02T11:13:00Z,1501672380,Wed, 02 Aug 2017 11:13:00 +0000
2017-09-19T00:22:00Z,1505780520,Tue, 19 Sep 2017 00:22:00 +0000
2017-09-07T15:41:00Z,1504798860,Thu, 07 Sep 2017 15:41:00 +0000
2017-09-07T15:00:00Z,1504796400,Thu, 07 Sep 2017 15:00:00 +0000
2017-09-26T16:45:00Z,1506444300,Tue, 26 Sep 2017 16:45:00 +0000
2017-09-11T15:11:00Z,1505142660,Mon, 11 Sep 2017 15:11:00 +0000
2017-09-05T18:38:00Z,1504636680,Tue, 05 Sep 2017 18:38:00 +0000
2017-09-11T10:00:00Z,1505124000,Mon, 11 Sep 2017 10:00:00 +0000
2017-09-12T14:36:00Z,1505226960,Tue, 12 Sep 2017 14:36:00 +0000
2017-09-28T14:46:00Z,1506609960,Thu, 28 Sep 2017 14:46:00 +0000
2017-08-14T14:00:00Z,1502719200,Mon, 14 Aug 2017 14:00:00 +0000
2017-09-11T19:41:00Z,1505158860,Mon, 11 Sep 2017 19:41:00 +0000
2017-09-11T06:58:00Z,1505113080,Mon, 11 Sep 2017 06:58:00 +0000
2017-09-12T12:45:00Z,1505220300,Tue, 12 Sep 2017 12:45:00 +0000
2017-09-12T17:24:00Z,1505237040,Tue, 12 Sep 2017 17:24:00 +0000
2017-09-12T16:08:00Z,1505232480,Tue, 12 Sep 2017 16:08:00 +0000
2017-09-12T17:42:00Z,1505238120,Tue, 12 Sep 2017 17:42:00 +0000
2017-09-17T15:18:00Z,1505661480,Sun, 17 Sep 2017 15:18:00 +0000
2017-09-18T16:04:00Z,1505750640,Mon, 18 Sep 2017 16:04:00 +0000
2017-09-19T13:02:00Z,1505826120,Tue, 19 Sep 2017 13:02:00 +0000
2017-09-19T14:05:00Z,1505829900,Tue, 19 Sep 2017 14:05:00 +0000
2017-09-19T19:47:00Z,1505850420,Tue, 19 Sep 2017 19:47:00 +0000
2017-09-20T21:07:00Z,1505941620,Wed, 20 Sep 2017 21:07:00 +0000
2017-09-20T13:41:00Z,1505914860,Wed, 20 Sep 2017 13:41:00 +0000
2017-09-20T14:53:00Z,1505919180,Wed, 20 Sep 2017 14:53:00 +0000
2017-09-25T11:03:00Z,1506337380,Mon, 25 Sep 2017 11:03:00 +0000
2017-09-23T11:05:00Z,1506164700,Sat, 23 Sep 2017 11:05:00 +0000
2017-09-26T15:20:00Z,1506439200,Tue, 26 Sep 2017 15:20:00 +0000
2017-09-26T12:22:00Z,1506428520,Tue, 26 Sep 2017 12:22:00 +0000
2017-09-26T15:30:00Z,1506439800,Tue, 26 Sep 2017 15:30:00 +0000
2017-09-25T13:03:00Z,1506344580,Mon, 25 Sep 2017 13:03:00 +0000
2017-09-27T14:00:00Z,1506520800,Wed, 27 Sep 2017 14:00:00 +0000
2017-09-29T14:42:00Z,1506696120,Fri, 29 Sep 2017 14:42:00 +0000
2017-09-29T15:58:00Z,1506700680,Fri, 29 Sep 2017 15:58:00 +0000
2017-09-29T18:01:00Z,1506708060,Fri, 29 Sep 2017 18:01:00 +0000
2017-10-02T09:37:00Z,1506937020,Mon, 02 Oct 2017 09:37:00 +0000
2017-10-03T11:44:00Z,1507031040,Tue, 03 Oct 2017 11:44:00 +0000
2017-10-03T16:22:00Z,1507047720,Tue, 03 Oct 2017 16:22:00 +0000
2017-10-06T14:38:00Z,1507300680,Fri, 06 Oct 2017 14:38:00 +0000
2017-10-08T04:53:00Z,1507438380,Sun, 08 Oct 2017 04:53:00 +0000
2017-10-07T20:00:00Z,1507406400,Sat, 07 Oct 2017 20:00:00 +0000
2017-10-08T12:15:00Z,1507464900,Sun, 08 Oct 2017 12:15:00 +0000
2017-10-08T16:40:00Z,1507480800,Sun, 08 Oct 2017 16:40:00 +0000
2017-10-08T21:45:00Z,1507499100,Sun, 08 Oct 2017 21:45:00 +0000
2017-10-09T21:52:00Z,1507585920,Mon, 09 Oct 2017 21:52:00 +0000
2017-10-08T21:45:00Z,1507499100,Sun, 08 Oct 2017 21:45:00 +0000
2017-10-09T22:00:00Z,1507586400,Mon, 09 Oct 2017 22:00:00 +0000
2017-10-08T23:48:00Z,1507506480,Sun, 08 Oct 2017 23:48:00 +0000
2017-10-09T00:57:00Z,1507510620,Mon, 09 Oct 2017 00:57:00 +0000
2017-10-08T23:03:00Z,1507503780,Sun, 08 Oct 2017 23:03:00 +0000
2017-10-09T00:00:00Z,1507507200,Mon, 09 Oct 2017 00:00:00 +0000
2017-10-08T23:36:00Z,1507505760,Sun, 08 Oct 2017 23:36:00 +0000
2017-10-09T01:10:00Z,1507511400,Mon, 09 Oct 2017 01:10:00 +0000
2017-10-09T14:00:00Z,1507557600,Mon, 09 Oct 2017 14:00:00 +0000
2017-10-09T14:30:00Z,1507559400,Mon, 09 Oct 2017 14:30:00 +0000
2017-10-26T11:55:00Z,1509018900,Thu, 26 Oct 2017 11:55:00 +0000
2017-10-09T23:59:00Z,1507593540,Mon, 09 Oct 2017 23:59:00 +0000
2017-10-08T00:01:00Z,1507420860,Sun, 08 Oct 2017 00:01:00 +0000
2017-10-09T15:05:00Z,1507561500,Mon, 09 Oct 2017 15:05:00 +0000
2017-10-09T09:51:00Z,1507542660,Mon, 09 Oct 2017 09:51:00 +0000
2017-10-26T12:34:00Z,1509021240,Thu, 26 Oct 2017 12:34:00 +0000
2017-10-26T20:00:00Z,1509048000,Thu, 26 Oct 2017 20:00:00 +0000
2017-10-11T15:59:00Z,1507737540,Wed, 11 Oct 2017 15:59:00 +0000
2017-10-09T08:30:00Z,1507537800,Mon, 09 Oct 2017 08:30:00 +0000
2017-10-16T22:30:00Z,1508193000,Mon, 16 Oct 2017 22:30:00 +0000
2017-10-17T03:43:00Z,1508211780,Tue, 17 Oct 2017 03:43:00 +0000
2017-10-14T16:00:00Z,1507996800,Sat, 14 Oct 2017 16:00:00 +0000
2017-10-12T10:42:00Z,1507804920,Thu, 12 Oct 2017 10:42:00 +0000
2017-10-15T14:05:00Z,1508076300,Sun, 15 Oct 2017 14:05:00 +0000
2017-10-10T12:30:00Z,1507638600,Tue, 10 Oct 2017 12:30:00 +0000
2017-10-10T15:36:00Z,1507649760,Tue, 10 Oct 2017 15:36:00 +0000
2017-10-10T14:57:00Z,1507647420,Tue, 10 Oct 2017 14:57:00 +0000
2017-12-05T13:28:00Z,1512480480,Tue, 05 Dec 2017 13:28:00 +0000
2017-12-05T13:35:00Z,1512480900,Tue, 05 Dec 2017 13:35:00 +0000
2017-10-23T10:31:00Z,1508754660,Mon, 23 Oct 2017 10:31:00 +0000
2017-10-24T10:27:00Z,1508840820,Tue, 24 Oct 2017 10:27:00 +0000
2017-10-15T17:11:00Z,1508087460,Sun, 15 Oct 2017 17:11:00 +0000
2017-10-13T12:14:00Z,1507896840,Fri, 13 Oct 2017 12:14:00 +0000
2017-10-13T13:16:00Z,1507900560,Fri, 13 Oct 2017 13:16:00 +0000
2017-10-14T05:00:00Z,1507957200,Sat, 14 Oct 2017 05:00:00 +0000
2017-10-14T20:35:00Z,1508013300,Sat, 14 Oct 2017 20:35:00 +0000
2017-10-09T01:30:00Z,1507512600,Mon, 09 Oct 2017 01:30:00 +0000
2017-10-15T14:55:00Z,1508079300,Sun, 15 Oct 2017 14:55:00 +0000
2017-10-17T14:00:00Z,1508248800,Tue, 17 Oct 2017 14:00:00 +0000
2017-10-17T10:19:00Z,1508235540,Tue, 17 Oct 2017 10:19:00 +0000
2017-10-18T12:53:00Z,1508331180,Wed, 18 Oct 2017 12:53:00 +0000
2017-12-05T11:31:00Z,1512473460,Tue, 05 Dec 2017 11:31:00 +0000
2017-12-05T03:44:00Z,1512445440,Tue, 05 Dec 2017 03:44:00 +0000
2017-12-04T18:28:00Z,1512412080,Mon, 04 Dec 2017 18:28:00 +0000
2017-12-04T12:26:00Z,1512390360,Mon, 04 Dec 2017 12:26:00 +0000
2017-11-02T14:40:00Z,1509633600,Thu, 02 Nov 2017 14:40:00 +0000
2017-11-13T11:28:00Z,1510572480,Mon, 13 Nov 2017 11:28:00 +0000
2017-10-13T15:40:00Z,1507909200,Fri, 13 Oct 2017 15:40:00 +0000
2017-11-14T16:11:00Z,1510675860,Tue, 14 Nov 2017 16:11:00 +0000
2017-10-24T14:44:00Z,1508856240,Tue, 24 Oct 2017 14:44:00 +0000
2017-10-20T12:13:00Z,1508501580,Fri, 20 Oct 2017 12:13:00 +0000
2017-11-25T16:46:00Z,1511628360,Sat, 25 Nov 2017 16:46:00 +0000
2017-10-21T13:04:00Z,1508591040,Sat, 21 Oct 2017 13:04:00 +0000
2017-11-29T12:19:00Z,1511957940,Wed, 29 Nov 2017 12:19:00 +0000
2017-12-07T11:15:00Z,1512645300,Thu, 07 Dec 2017 11:15:00 +0000
2017-12-07T13:14:00Z,1512652440,Thu, 07 Dec 2017 13:14:00 +0000
2017-12-13T15:27:00Z,1513178820,Wed, 13 Dec 2017 15:27:00 +0000
2017-12-06T06:31:00Z,1512541860,Wed, 06 Dec 2017 06:31:00 +0000
2017-12-16T12:21:00Z,1513426860,Sat, 16 Dec 2017 12:21:00 +0000
2017-12-14T12:59:00Z,1513256340,Thu, 14 Dec 2017 12:59:00 +0000
2017-12-21T11:16:00Z,1513854960,Thu, 21 Dec 2017 11:16:00 +0000
2017-12-28T20:51:00Z,1514494260,Thu, 28 Dec 2017 20:51:00 +0000
2018-04-12T14:30:00Z,1523543400,Thu, 12 Apr 2018 14:30:00 +0000
2018-02-07T15:53:00Z,1518018780,Wed, 07 Feb 2018 15:53:00 +0000
2018-02-18T14:12:00Z,1518963120,Sun, 18 Feb 2018 14:12:00 +0000
2018-05-14T13:06:00Z,1526303160,Mon, 14 May 2018 13:06:00 +0000
2018-05-17T14:19:00Z,1526566740,Thu, 17 May 2018 14:19:00 +0000
2018-04-15T04:38:00Z,1523767080,Sun, 15 Apr 2018 04:38:00 +0000
2018-03-27T14:45:00Z,1522161900,Tue, 27 Mar 2018 14:45:00 +0000
2018-03-27T16:20:00Z,1522167600,Tue, 27 Mar 2018 16:20:00 +0000
2018-04-09T18:18:00Z,1523297880,Mon, 09 Apr 2018 18:18:00 +0000
2018-05-10T20:41:00Z,1525984860,Thu, 10 May 2018 20:41:00 +0000
2018-05-09T18:11:00Z,1525889460,Wed, 09 May 2018 18:11:00 +0000
2018-04-22T13:35:00Z,1524404100,Sun, 22 Apr 2018 13:35:00 +0000
2018-04-26T15:00:00Z,1524754800,Thu, 26 Apr 2018 15:00:00 +0000
2018-05-17T12:53:00Z,1526561580,Thu, 17 May 2018 12:53:00 +0000
2018-05-09T22:00:00Z,1525903200,Wed, 09 May 2018 22:00:00 +0000
2018-05-04T11:44:00Z,1525434240,Fri, 04 May 2018 11:44:00 +0000
2018-05-02T16:00:00Z,1525276800,Wed, 02 May 2018 16:00:00 +0000
2018-05-04T14:48:00Z,1525445280,Fri, 04 May 2018 14:48:00 +0000
2018-05-04T18:53:00Z,1525459980,Fri, 04 May 2018 18:53:00 +0000
2018-04-19T10:28:00Z,1524133680,Thu, 19 Apr 2018 10:28:00 +0000
2018-04-24T16:59:00Z,1524589140,Tue, 24 Apr 2018 16:59:00 +0000
2018-04-28T14:26:00Z,1524925560,Sat, 28 Apr 2018 14:26:00 +0000
2018-05-18T11:00:00Z,1526641200,Fri, 18 May 2018 11:00:00 +0000
2018-05-18T16:37:00Z,1526661420,Fri, 18 May 2018 16:37:00 +0000
2018-05-19T13:04:00Z,1526735040,Sat, 19 May 2018 13:04:00 +0000
2018-05-20T13:07:00Z,1526821620,Sun, 20 May 2018 13:07:00 +0000
2018-05-21T11:56:00Z,1526903760,Mon, 21 May 2018 11:56:00 +0000
2018-05-22T14:13:00Z,1526998380,Tue, 22 May 2018 14:13:00 +0000
2018-05-23T14:30:00Z,1527085800,Wed, 23 May 2018 14:30:00 +0000
2018-05-24T10:43:00Z,1527158580,Thu, 24 May 2018 10:43:00 +0000
2018-05-26T14:52:00Z,1527346320,Sat, 26 May 2018 14:52:00 +0000
2018-05-27T17:05:00Z,1527440700,Sun, 27 May 2018 17:05:00 +0000
2018-05-28T07:23:00Z,1527492180,Mon, 28 May 2018 07:23:00 +0000
2018-05-28T17:33:00Z,1527528780,Mon, 28 May 2018 17:33:00 +0000
2018-05-29T12:58:00Z,1527598680,Tue, 29 May 2018 12:58:00 +0000
2018-05-29T13:11:00Z,1527599460,Tue, 29 May 2018 13:11:00 +0000
2018-05-30T13:21:00Z,1527686460,Wed, 30 May 2018 13:21:00 +0000
2018-06-01T13:31:00Z,1527859860,Fri, 01 Jun 2018 13:31:00 +0000
2018-06-01T15:20:00Z,1527866400,Fri, 01 Jun 2018 15:20:00 +0000
2018-06-01T16:07:00Z,1527869220,Fri, 01 Jun 2018 16:07:00 +0000
2018-06-02T12:42:00Z,1527943320,Sat, 02 Jun 2018 12:42:00 +0000
2018-06-02T13:07:00Z,1527944820,Sat, 02 Jun 2018 13:07:00 +0000
2018-06-02T15:53:00Z,1527954780,Sat, 02 Jun 2018 15:53:00 +0000
2018-06-02T09:55:00Z,1527933300,Sat, 02 Jun 2018 09:55:00 +0000
2018-06-03T08:55:00Z,1528016100,Sun, 03 Jun 2018 08:55:00 +0000
2018-06-03T13:38:00Z,1528033080,Sun, 03 Jun 2018 13:38:00 +0000
2018-06-03T14:17:00Z,1528035420,Sun, 03 Jun 2018 14:17:00 +0000
2018-06-03T15:09:00Z,1528038540,Sun, 03 Jun 2018 15:09:00 +0000
2018-06-03T16:11:00Z,1528042260,Sun, 03 Jun 2018 16:11:00 +0000
2018-06-03T16:14:00Z,1528042440,Sun, 03 Jun 2018 16:14:00 +0000
2018-06-03T16:16:00Z,1528042560,Sun, 03 Jun 2018 16:16:00 +0000
2018-06-03T18:23:00Z,1528050180,Sun, 03 Jun 2018 18:23:00 +0000
2018-06-04T12:40:00Z,1528116000,Mon, 04 Jun 2018 12:40:00 +0000
2018-06-04T15:08:00Z,1528124880,Mon, 04 Jun 2018 15:08:00 +0000
2018-06-04T17:01:00Z,1528131660,Mon, 04 Jun 2018 17:01:00 +0000
2018-06-04T17:30:00Z,1528133400,Mon, 04 Jun 2018 17:30:00 +0000
2018-06-04T17:44:00Z,1528134240,Mon, 04 Jun 2018 17:44:00 +0000
2018-06-04T23:17:00Z,1528154220,Mon, 04 Jun 2018 23:17:00 +0000
2018-06-05T13:03:00Z,1528203780,Tue, 05 Jun 2018 13:03:00 +0000
2018-06-05T13:45:00Z,1528206300,Tue, 05 Jun 2018 13:45:00 +0000
2018-06-06T09:46:00Z,1528278360,Wed, 06 Jun 2018 09:46:00 +0000
2018-06-11T12:16:00Z,1528719360,Mon, 11 Jun 2018 12:16:00 +0000
2018-06-07T18:04:00Z,1528394640,Thu, 07 Jun 2018 18:04:00 +0000
2018-06-09T14:10:00Z,1528553400,Sat, 09 Jun 2018 14:10:00 +0000
2018-06-09T15:32:00Z,1528558320,Sat, 09 Jun 2018 15:32:00 +0000
2018-06-09T15:30:00Z,1528558200,Sat, 09 Jun 2018 15:30:00 +0000
2018-06-09T14:45:00Z,1528555500,Sat, 09 Jun 2018 14:45:00 +0000
2018-06-09T15:31:00Z,1528558260,Sat, 09 Jun 2018 15:31:00 +0000
2018-06-12T15:06:00Z,1528815960,Tue, 12 Jun 2018 15:06:00 +0000
2018-06-13T12:38:00Z,1528893480,Wed, 13 Jun 2018 12:38:00 +0000
2018-06-11T17:04:00Z,1528736640,Mon, 11 Jun 2018 17:04:00 +0000
2018-06-12T14:22:00Z,1528813320,Tue, 12 Jun 2018 14:22:00 +0000
2018-06-12T14:56:00Z,1528815360,Tue, 12 Jun 2018 14:56:00 +0000
2018-06-13T21:06:00Z,1528923960,Wed, 13 Jun 2018 21:06:00 +0000
2018-06-14T17:02:00Z,1528995720,Thu, 14 Jun 2018 17:02:00 +0000
2018-06-14T15:18:00Z,1528989480,Thu, 14 Jun 2018 15:18:00 +0000
2018-06-14T17:23:00Z,1528996980,Thu, 14 Jun 2018 17:23:00 +0000
2018-06-14T17:45:00Z,1528998300,Thu, 14 Jun 2018 17:45:00 +0000
2018-06-15T10:34:00Z,1529058840,Fri, 15 Jun 2018 10:34:00 +0000
2018-06-15T11:46:00Z,1529063160,Fri, 15 Jun 2018 11:46:00 +0000
2018-06-15T13:37:00Z,1529069820,Fri, 15 Jun 2018 13:37:00 +0000
2018-06-16T11:47:00Z,1529149620,Sat, 16 Jun 2018 11:47:00 +0000
2018-06-16T14:04:00Z,1529157840,Sat, 16 Jun 2018 14:04:00 +0000
2018-06-16T15:10:00Z,1529161800,Sat, 16 Jun 2018 15:10:00 +0000
2018-06-17T13:58:00Z,1529243880,Sun, 17 Jun 2018 13:58:00 +0000
2018-06-17T11:44:00Z,1529235840,Sun, 17 Jun 2018 11:44:00 +0000
2018-06-17T15:56:00Z,1529250960,Sun, 17 Jun 2018 15:56:00 +0000
2018-06-17T15:09:00Z,1529248140,Sun, 17 Jun 2018 15:09:00 +0000
2018-06-18T12:30:00Z,1529325000,Mon, 18 Jun 2018 12:30:00 +0000
2018-06-19T15:19:00Z,1529421540,Tue, 19 Jun 2018 15:19:00 +0000
2018-06-19T16:06:00Z,1529424360,Tue, 19 Jun 2018 16:06:00 +0000
2018-06-20T18:22:00Z,1529518920,Wed, 20 Jun 2018 18:22:00 +0000
2018-06-21T16:45:00Z,1529599500,Thu, 21 Jun 2018 16:45:00 +0000
2018-06-23T12:54:00Z,1529758440,Sat, 23 Jun 2018 12:54:00 +0000
2018-06-23T11:38:00Z,1529753880,Sat, 23 Jun 2018 11:38:00 +0000
2018-06-23T13:15:00Z,1529759700,Sat, 23 Jun 2018 13:15:00 +0000
2018-06-23T12:52:00Z,1529758320,Sat, 23 Jun 2018 12:52:00 +0000
2018-06-23T17:21:00Z,1529774460,Sat, 23 Jun 2018 17:21:00 +0000
2018-06-23T19:39:00Z,1529782740,Sat, 23 Jun 2018 19:39:00 +0000
2018-07-04T13:14:00Z,1530710040,Wed, 04 Jul 2018 13:14:00 +0000
2018-06-29T17:53:00Z,1530294780,Fri, 29 Jun 2018 17:53:00 +0000
2018-06-24T12:29:00Z,1529843340,Sun, 24 Jun 2018 12:29:00 +0000
2018-06-24T13:54:00Z,1529848440,Sun, 24 Jun 2018 13:54:00 +0000
2018-06-24T15:28:00Z,1529854080,Sun, 24 Jun 2018 15:28:00 +0000
2018-06-24T16:11:00Z,1529856660,Sun, 24 Jun 2018 16:11:00 +0000
2018-07-05T15:12:00Z,1530803520,Thu, 05 Jul 2018 15:12:00 +0000
2018-06-29T15:11:00Z,1530285060,Fri, 29 Jun 2018 15:11:00 +0000
2018-06-29T11:44:00Z,1530272640,Fri, 29 Jun 2018 11:44:00 +0000
2018-06-28T18:01:00Z,1530208860,Thu, 28 Jun 2018 18:01:00 +0000
2018-06-26T07:11:00Z,1529997060,Tue, 26 Jun 2018 07:11:00 +0000
2018-06-11T12:00:00Z,1528718400,Mon, 11 Jun 2018 12:00:00 +0000
2018-06-27T12:39:00Z,1530103140,Wed, 27 Jun 2018 12:39:00 +0000
2018-06-26T12:56:00Z,1530017760,Tue, 26 Jun 2018 12:56:00 +0000
2018-06-26T11:16:00Z,1530011760,Tue, 26 Jun 2018 11:16:00 +0000
2018-06-27T15:09:00Z,1530112140,Wed, 27 Jun 2018 15:09:00 +0000
2018-06-27T19:46:00Z,1530128760,Wed, 27 Jun 2018 19:46:00 +0000
2018-07-04T13:30:00Z,1530711000,Wed, 04 Jul 2018 13:30:00 +0000
2018-06-29T15:46:00Z,1530287160,Fri, 29 Jun 2018 15:46:00 +0000
2018-06-29T16:06:00Z,1530288360,Fri, 29 Jun 2018 16:06:00 +0000
2018-06-29T20:59:00Z,1530305940,Fri, 29 Jun 2018 20:59:00 +0000
2018-06-30T12:12:00Z,1530360720,Sat, 30 Jun 2018 12:12:00 +0000
2018-06-30T14:12:00Z,1530367920,Sat, 30 Jun 2018 14:12:00 +0000
2018-07-04T14:20:00Z,1530714000,Wed, 04 Jul 2018 14:20:00 +0000
2018-07-14T20:40:00Z,1531600800,Sat, 14 Jul 2018 20:40:00 +0000
2018-07-10T17:31:00Z,1531243860,Tue, 10 Jul 2018 17:31:00 +0000
2018-07-01T18:13:00Z,1530468780,Sun, 01 Jul 2018 18:13:00 +0000
2018-07-06T23:39:00Z,1530920340,Fri, 06 Jul 2018 23:39:00 +0000
2018-07-02T14:25:00Z,1530541500,Mon, 02 Jul 2018 14:25:00 +0000
2018-07-06T10:11:00Z,1530871860,Fri, 06 Jul 2018 10:11:00 +0000
2018-07-04T17:09:00Z,1530724140,Wed, 04 Jul 2018 17:09:00 +0000
2018-07-05T12:31:00Z,1530793860,Thu, 05 Jul 2018 12:31:00 +0000
2018-07-06T14:42:00Z,1530888120,Fri, 06 Jul 2018 14:42:00 +0000
2018-07-06T13:29:00Z,1530883740,Fri, 06 Jul 2018 13:29:00 +0000
2018-07-13T22:03:00Z,1531519380,Fri, 13 Jul 2018 22:03:00 +0000
2018-07-06T20:40:00Z,1530909600,Fri, 06 Jul 2018 20:40:00 +0000
2018-07-06T10:40:00Z,1530873600,Fri, 06 Jul 2018 10:40:00 +0000
2018-07-12T22:45:00Z,1531435500,Thu, 12 Jul 2018 22:45:00 +0000
2018-07-13T14:32:00Z,1531492320,Fri, 13 Jul 2018 14:32:00 +0000
2018-07-13T21:36:00Z,1531517760,Fri, 13 Jul 2018 21:36:00 +0000
2018-07-08T13:38:00Z,1531057080,Sun, 08 Jul 2018 13:38:00 +0000
2018-07-10T12:42:00Z,1531226520,Tue, 10 Jul 2018 12:42:00 +0000
2018-07-10T15:08:00Z,1531235280,Tue, 10 Jul 2018 15:08:00 +0000
2018-07-10T16:45:00Z,1531241100,Tue, 10 Jul 2018 16:45:00 +0000
2018-07-14T20:46:00Z,1531601160,Sat, 14 Jul 2018 20:46:00 +0000
2018-07-11T16:40:00Z,1531327200,Wed, 11 Jul 2018 16:40:00 +0000
2018-07-08T13:36:00Z,1531056960,Sun, 08 Jul 2018 13:36:00 +0000
2018-07-08T14:41:00Z,1531060860,Sun, 08 Jul 2018 14:41:00 +0000
2018-07-08T16:45:00Z,1531068300,Sun, 08 Jul 2018 16:45:00 +0000
2018-07-08T17:38:00Z,1531071480,Sun, 08 Jul 2018 17:38:00 +0000
2018-07-09T12:53:00Z,1531140780,Mon, 09 Jul 2018 12:53:00 +0000
2018-07-06T09:36:00Z,1530869760,Fri, 06 Jul 2018 09:36:00 +0000
2018-07-09T17:54:00Z,1531158840,Mon, 09 Jul 2018 17:54:00 +0000
2018-07-09T16:46:00Z,1531154760,Mon, 09 Jul 2018 16:46:00 +0000
2018-07-09T18:30:00Z,1531161000,Mon, 09 Jul 2018 18:30:00 +0000
2018-07-12T12:57:00Z,1531400220,Thu, 12 Jul 2018 12:57:00 +0000
2018-07-14T15:00:00Z,1531580400,Sat, 14 Jul 2018 15:00:00 +0000
2018-07-15T09:58:00Z,1531648680,Sun, 15 Jul 2018 09:58:00 +0000
2018-07-15T11:55:00Z,1531655700,Sun, 15 Jul 2018 11:55:00 +0000
2018-07-15T16:14:00Z,1531671240,Sun, 15 Jul 2018 16:14:00 +0000
2018-07-15T16:45:00Z,1531673100,Sun, 15 Jul 2018 16:45:00 +0000
2018-07-15T18:54:00Z,1531680840,Sun, 15 Jul 2018 18:54:00 +0000
2018-07-15T17:15:00Z,1531674900,Sun, 15 Jul 2018 17:15:00 +0000
2018-08-16T09:18:00Z,1534411080,Thu, 16 Aug 2018 09:18:00 +0000
2018-07-17T11:13:00Z,1531825980,Tue, 17 Jul 2018 11:13:00 +0000
2018-07-17T14:05:00Z,1531836300,Tue, 17 Jul 2018 14:05:00 +0000
2018-07-17T19:03:00Z,1531854180,Tue, 17 Jul 2018 19:03:00 +0000
2018-07-18T11:55:00Z,1531914900,Wed, 18 Jul 2018 11:55:00 +0000
2018-07-18T14:24:00Z,1531923840,Wed, 18 Jul 2018 14:24:00 +0000
2018-07-19T12:00:00Z,1532001600,Thu, 19 Jul 2018 12:00:00 +0000
2018-07-19T13:07:00Z,1532005620,Thu, 19 Jul 2018 13:07:00 +0000
2018-07-20T13:07:00Z,1532092020,Fri, 20 Jul 2018 13:07:00 +0000
2018-07-19T17:22:00Z,1532020920,Thu, 19 Jul 2018 17:22:00 +0000
2018-07-20T13:26:00Z,1532093160,Fri, 20 Jul 2018 13:26:00 +0000
2018-07-20T14:23:00Z,1532096580,Fri, 20 Jul 2018 14:23:00 +0000
2018-07-21T14:40:00Z,1532184000,Sat, 21 Jul 2018 14:40:00 +0000
2018-07-21T15:50:00Z,1532188200,Sat, 21 Jul 2018 15:50:00 +0000
2018-07-21T15:01:00Z,1532185260,Sat, 21 Jul 2018 15:01:00 +0000
2018-07-22T13:06:00Z,1532264760,Sun, 22 Jul 2018 13:06:00 +0000
2018-07-21T16:22:00Z,1532190120,Sat, 21 Jul 2018 16:22:00 +0000
2018-07-19T16:25:00Z,1532017500,Thu, 19 Jul 2018 16:25:00 +0000
2018-07-23T13:15:00Z,1532351700,Mon, 23 Jul 2018 13:15:00 +0000
2018-07-23T12:55:00Z,1532350500,Mon, 23 Jul 2018 12:55:00 +0000
2018-07-23T14:55:00Z,1532357700,Mon, 23 Jul 2018 14:55:00 +0000
2018-09-02T14:02:00Z,1535896920,Sun, 02 Sep 2018 14:02:00 +0000
2018-07-24T15:24:00Z,1532445840,Tue, 24 Jul 2018 15:24:00 +0000
2018-07-24T16:02:00Z,1532448120,Tue, 24 Jul 2018 16:02:00 +0000
2018-07-25T16:14:00Z,1532535240,Wed, 25 Jul 2018 16:14:00 +0000
2018-07-25T14:41:00Z,1532529660,Wed, 25 Jul 2018 14:41:00 +0000
2018-07-25T14:11:00Z,1532527860,Wed, 25 Jul 2018 14:11:00 +0000
2018-07-25T16:05:00Z,1532534700,Wed, 25 Jul 2018 16:05:00 +0000
2018-08-01T15:53:00Z,1533138780,Wed, 01 Aug 2018 15:53:00 +0000
2018-07-27T13:28:00Z,1532698080,Fri, 27 Jul 2018 13:28:00 +0000
2018-07-26T10:12:00Z,1532599920,Thu, 26 Jul 2018 10:12:00 +0000
2018-08-05T04:19:00Z,1533442740,Sun, 05 Aug 2018 04:19:00 +0000
2018-08-04T13:57:00Z,1533391020,Sat, 04 Aug 2018 13:57:00 +0000
2018-08-04T17:32:00Z,1533403920,Sat, 04 Aug 2018 17:32:00 +0000
2018-08-03T14:48:00Z,1533307680,Fri, 03 Aug 2018 14:48:00 +0000
2018-07-27T12:05:00Z,1532693100,Fri, 27 Jul 2018 12:05:00 +0000
2018-07-27T12:14:00Z,1532693640,Fri, 27 Jul 2018 12:14:00 +0000
2018-07-27T13:01:00Z,1532696460,Fri, 27 Jul 2018 13:01:00 +0000
2018-07-27T16:12:00Z,1532707920,Fri, 27 Jul 2018 16:12:00 +0000
2018-07-27T13:32:00Z,1532698320,Fri, 27 Jul 2018 13:32:00 +0000
2018-07-15T18:30:00Z,1531679400,Sun, 15 Jul 2018 18:30:00 +0000
2018-08-01T17:48:00Z,1533145680,Wed, 01 Aug 2018 17:48:00 +0000
2018-07-31T15:07:00Z,1533049620,Tue, 31 Jul 2018 15:07:00 +0000
2018-07-28T15:38:00Z,1532792280,Sat, 28 Jul 2018 15:38:00 +0000
2018-07-28T15:14:00Z,1532790840,Sat, 28 Jul 2018 15:14:00 +0000
2018-07-31T17:34:00Z,1533058440,Tue, 31 Jul 2018 17:34:00 +0000
2018-07-28T16:30:00Z,1532795400,Sat, 28 Jul 2018 16:30:00 +0000
2018-07-31T15:28:00Z,1533050880,Tue, 31 Jul 2018 15:28:00 +0000
2018-07-29T16:22:00Z,1532881320,Sun, 29 Jul 2018 16:22:00 +0000
2018-09-16T08:34:00Z,1537086840,Sun, 16 Sep 2018 08:34:00 +0000
2018-08-06T10:31:00Z,1533551460,Mon, 06 Aug 2018 10:31:00 +0000
2018-08-01T13:57:00Z,1533131820,Wed, 01 Aug 2018 13:57:00 +0000
2018-08-01T14:40:00Z,1533134400,Wed, 01 Aug 2018 14:40:00 +0000
2018-08-01T13:11:00Z,1533129060,Wed, 01 Aug 2018 13:11:00 +0000
2018-08-06T12:59:00Z,1533560340,Mon, 06 Aug 2018 12:59:00 +0000
2018-08-06T13:20:00Z,1533561600,Mon, 06 Aug 2018 13:20:00 +0000
2018-08-06T14:19:00Z,1533565140,Mon, 06 Aug 2018 14:19:00 +0000
2018-08-06T16:26:00Z,1533572760,Mon, 06 Aug 2018 16:26:00 +0000
2018-08-07T02:11:00Z,1533607860,Tue, 07 Aug 2018 02:11:00 +0000
2018-08-06T17:29:00Z,1533576540,Mon, 06 Aug 2018 17:29:00 +0000
1969-12-31T16:00:00Z,-28800,Wed, 31 Dec 1969 16:00:00 +0000
2018-08-16T16:06:00Z,1534435560,Thu, 16 Aug 2018 16:06:00 +0000
2018-08-09T01:55:00Z,1533779700,Thu, 09 Aug 2018 01:55:00 +0000
2018-08-22T13:45:00Z,1534945500,Wed, 22 Aug 2018 13:45:00 +0000
2018-08-09T13:09:00Z,1533820140,Thu, 09 Aug 2018 13:09:00 +0000
2018-08-09T14:34:00Z,1533825240,Thu, 09 Aug 2018 14:34:00 +0000
2018-08-09T14:21:00Z,1533824460,Thu, 09 Aug 2018 14:21:00 +0000
2018-08-17T19:19:00Z,1534533540,Fri, 17 Aug 2018 19:19:00 +0000
2018-09-08T14:29:00Z,1536416940,Sat, 08 Sep 2018 14:29:00 +0000
2018-08-10T16:57:00Z,1533920220,Fri, 10 Aug 2018 16:57:00 +0000
2018-08-17T18:47:00Z,1534531620,Fri, 17 Aug 2018 18:47:00 +0000
2018-08-12T14:20:00Z,1534083600,Sun, 12 Aug 2018 14:20:00 +0000
2018-08-13T14:58:00Z,1534172280,Mon, 13 Aug 2018 14:58:00 +0000
2018-08-11T14:12:00Z,1533996720,Sat, 11 Aug 2018 14:12:00 +0000
2018-08-15T17:14:00Z,1534353240,Wed, 15 Aug 2018 17:14:00 +0000
2018-08-15T18:05:00Z,1534356300,Wed, 15 Aug 2018 18:05:00 +0000
2018-08-26T14:23:00Z,1535293380,Sun, 26 Aug 2018 14:23:00 +0000
2018-08-18T15:17:00Z,1534605420,Sat, 18 Aug 2018 15:17:00 +0000
2018-08-19T07:32:00Z,1534663920,Sun, 19 Aug 2018 07:32:00 +0000
2018-08-19T13:37:00Z,1534685820,Sun, 19 Aug 2018 13:37:00 +0000
2018-08-19T15:55:00Z,1534694100,Sun, 19 Aug 2018 15:55:00 +0000
2018-08-23T15:40:00Z,1535038800,Thu, 23 Aug 2018 15:40:00 +0000
2018-08-25T11:58:00Z,1535198280,Sat, 25 Aug 2018 11:58:00 +0000
2018-08-27T23:19:00Z,1535411940,Mon, 27 Aug 2018 23:19:00 +0000
2018-08-26T18:04:00Z,1535306640,Sun, 26 Aug 2018 18:04:00 +0000
2018-08-27T10:49:00Z,1535366940,Mon, 27 Aug 2018 10:49:00 +0000
2018-09-09T12:10:00Z,1536495000,Sun, 09 Sep 2018 12:10:00 +0000
2018-08-30T15:44:00Z,1535643840,Thu, 30 Aug 2018 15:44:00 +0000
2018-09-01T14:22:00Z,1535811720,Sat, 01 Sep 2018 14:22:00 +0000
2018-09-02T14:53:00Z,1535899980,Sun, 02 Sep 2018 14:53:00 +0000
2018-08-31T17:58:00Z,1535738280,Fri, 31 Aug 2018 17:58:00 +0000
2018-09-05T12:51:00Z,1536151860,Wed, 05 Sep 2018 12:51:00 +0000
2018-09-03T13:58:00Z,1535983080,Mon, 03 Sep 2018 13:58:00 +0000
2018-09-03T16:38:00Z,1535992680,Mon, 03 Sep 2018 16:38:00 +0000
2018-09-04T15:03:00Z,1536073380,Tue, 04 Sep 2018 15:03:00 +0000
2018-09-04T14:43:00Z,1536072180,Tue, 04 Sep 2018 14:43:00 +0000
2018-09-08T13:34:00Z,1536413640,Sat, 08 Sep 2018 13:34:00 +0000
2018-09-04T15:20:00Z,1536074400,Tue, 04 Sep 2018 15:20:00 +0000
2018-09-04T14:26:00Z,1536071160,Tue, 04 Sep 2018 14:26:00 +0000
2018-09-13T15:37:00Z,1536853020,Thu, 13 Sep 2018 15:37:00 +0000
2018-09-10T19:00:00Z,1536606000,Mon, 10 Sep 2018 19:00:00 +0000
2018-09-12T11:25:00Z,1536751500,Wed, 12 Sep 2018 11:25:00 +0000
2018-09-14T19:32:00Z,1536953520,Fri, 14 Sep 2018 19:32:00 +0000
2018-09-20T12:39:00Z,1537447140,Thu, 20 Sep 2018 12:39:00 +0000
2018-09-22T14:30:00Z,1537626600,Sat, 22 Sep 2018 14:30:00 +0000
2018-09-22T15:44:00Z,1537631040,Sat, 22 Sep 2018 15:44:00 +0000
2018-09-22T14:41:00Z,1537627260,Sat, 22 Sep 2018 14:41:00 +0000
2018-09-28T13:08:00Z,1538140080,Fri, 28 Sep 2018 13:08:00 +0000
2018-09-28T14:44:00Z,1538145840,Fri, 28 Sep 2018 14:44:00 +0000
2018-09-23T16:23:00Z,1537719780,Sun, 23 Sep 2018 16:23:00 +0000
2018-09-24T00:41:00Z,1537749660,Mon, 24 Sep 2018 00:41:00 +0000
2018-09-26T10:56:00Z,1537959360,Wed, 26 Sep 2018 10:56:00 +0000
2018-10-02T12:32:00Z,1538483520,Tue, 02 Oct 2018 12:32:00 +0000
2018-10-02T15:45:00Z,1538495100,Tue, 02 Oct 2018 15:45:00 +0000
2018-10-07T12:51:00Z,1538916660,Sun, 07 Oct 2018 12:51:00 +0000
2018-10-07T12:57:00Z,1538917020,Sun, 07 Oct 2018 12:57:00 +0000
2018-10-10T21:50:00Z,1539208200,Wed, 10 Oct 2018 21:50:00 +0000
2018-10-12T11:21:00Z,1539343260,Fri, 12 Oct 2018 11:21:00 +0000
2018-10-13T14:43:00Z,1539441780,Sat, 13 Oct 2018 14:43:00 +0000
2018-10-14T06:45:00Z,1539499500,Sun, 14 Oct 2018 06:45:00 +0000
2018-10-14T11:33:00Z,1539516780,Sun, 14 Oct 2018 11:33:00 +0000
2018-10-15T11:57:00Z,1539604620,Mon, 15 Oct 2018 11:57:00 +0000
2018-10-19T14:10:00Z,1539958200,Fri, 19 Oct 2018 14:10:00 +0000
2018-10-24T12:18:00Z,1540383480,Wed, 24 Oct 2018 12:18:00 +0000
2018-10-30T14:46:00Z,1540910760,Tue, 30 Oct 2018 14:46:00 +0000
2018-11-03T21:28:00Z,1541280480,Sat, 03 Nov 2018 21:28:00 +0000
2018-11-08T11:58:00Z,1541678280,Thu, 08 Nov 2018 11:58:00 +0000
2018-11-08T06:33:00Z,1541658780,Thu, 08 Nov 2018 06:33:00 +0000
2018-11-05T10:17:00Z,1541413020,Mon, 05 Nov 2018 10:17:00 +0000
2018-11-08T11:25:00Z,1541676300,Thu, 08 Nov 2018 11:25:00 +0000
2018-11-08T13:28:00Z,1541683680,Thu, 08 Nov 2018 13:28:00 +0000
2018-11-08T14:03:00Z,1541685780,Thu, 08 Nov 2018 14:03:00 +0000
2018-11-08T14:24:00Z,1541687040,Thu, 08 Nov 2018 14:24:00 +0000
2018-11-29T23:30:00Z,1543534200,Thu, 29 Nov 2018 23:30:00 +0000
2018-11-15T13:31:00Z,1542288660,Thu, 15 Nov 2018 13:31:00 +0000
2018-11-12T17:39:00Z,1542044340,Mon, 12 Nov 2018 17:39:00 +0000
2018-11-13T08:19:00Z,1542097140,Tue, 13 Nov 2018 08:19:00 +0000
2018-11-14T14:56:00Z,1542207360,Wed, 14 Nov 2018 14:56:00 +0000
2018-11-15T01:39:00Z,1542245940,Thu, 15 Nov 2018 01:39:00 +0000
2018-11-12T10:06:00Z,1542017160,Mon, 12 Nov 2018 10:06:00 +0000
2018-11-16T11:01:00Z,1542366060,Fri, 16 Nov 2018 11:01:00 +0000